<?xml version="1.0" encoding="UTF-8" standalone="yes"?>
<addon id="repository.cell" name="Cells_Repository" version="0.0.1" provider-name="Supreme Builds">
    <extension point="xbmc.addon.repository" name="Cells_Repository">
        <dir>
            <info compressed="false">https://raw.githubusercontent.com/kodiskills/Cells_Repository/master/zips/addons.xml</info>
            <checksum>https://raw.githubusercontent.com/kodiskills/Cells_Repository/master/zips/addons.xml.md5</checksum>
            <datadir zip="true">https://raw.githubusercontent.com/kodiskills/Cells_Repository/master/zips/</datadir>
        </dir>
    </extension>
    <extension point="xbmc.addon.metadata">
        <summary>Cells_Repository</summary>
        <description>This is a repository for my binbin friend</description>
        <disclaimer></disclaimer>
        <platform>all</platform>
        <assets>
            <icon>icon.png</icon>
            <fanart>fanart.jpg</fanart>
        </assets>
    </extension>
</addon>